Branch Name,District
Adama Branch,ADAMA DISTRICT
Adea Branch,ADAMA DISTRICT
Artu Branch,ADAMA DISTRICT
Awash Melkasa Branch,ADAMA DISTRICT
Awash Sebat Kilo,ADAMA DISTRICT
Barecha Branch,ADAMA DISTRICT
Bedhatu Branch,ADAMA DISTRICT
Bilal Branch,ADAMA DISTRICT
Bishoftu Branch,ADAMA DISTRICT
Boku Shenen Branch,ADAMA DISTRICT
Bole-Nura Hera Branch,ADAMA DISTRICT
Bosat Branch,ADAMA DISTRICT
Bote Branch,ADAMA DISTRICT
Burka Branch,ADAMA DISTRICT
Chafe Branch,ADAMA DISTRICT
Dabe Soloke Branch,ADAMA DISTRICT
Dagaga Branch,ADAMA DISTRICT
Dambala Micro Branch,ADAMA DISTRICT
Derartu Tullu Branch,ADAMA DISTRICT
Dhadacha Arara Branch,ADAMA DISTRICT
Dhaka Adi Branch,ADAMA DISTRICT
Dire Jitu Branch,ADAMA DISTRICT
Ela Bala Branch,ADAMA DISTRICT
Ganda Hara Branch,ADAMA DISTRICT
Gara Baru Branch,ADAMA DISTRICT
Gumbichu Branch,ADAMA DISTRICT
Gurmu Branch,ADAMA DISTRICT
Haro Adi Branch,ADAMA DISTRICT
Hawas Branch,ADAMA DISTRICT
Hora Arsedi Branch,ADAMA DISTRICT
Karayu Branch,ADAMA DISTRICT
Kilole Branch,ADAMA DISTRICT
Kiltu Lume Branch,ADAMA DISTRICT
Koka Branch,ADAMA DISTRICT
Liban Chukala Branch,ADAMA DISTRICT
Lugo Branch,ADAMA DISTRICT
Meki Branch,ADAMA DISTRICT
Mojo Branch,ADAMA DISTRICT
Oda Boqota,ADAMA DISTRICT
Qechema Branch,ADAMA DISTRICT
Qoche Branch,ADAMA DISTRICT
Qurqura Branch,ADAMA DISTRICT
Torban Garba Branch,ADAMA DISTRICT
Torban Obo Branch,ADAMA DISTRICT
Wanji Branch,ADAMA DISTRICT
Abba Jama Branch,ASELLA DISTRICT
Abomsa Branch,ASELLA DISTRICT
Addele Branch,ASELLA DISTRICT
Anole Micro Branch,ASELLA DISTRICT
Arboye Branch,ASELLA DISTRICT
Asela Branch,ASELLA DISTRICT
Badr Branch,ASELLA DISTRICT
Bale Gesgar Branch,ASELLA DISTRICT
Bokoji Branch,ASELLA DISTRICT
Boru Jawi Branch,ASELLA DISTRICT
Chilalo Branch,ASELLA DISTRICT
Chole Branch,ASELLA DISTRICT
Digalu Branch,ASELLA DISTRICT
Diksis Branch,ASELLA DISTRICT
Dodota Branch,ASELLA DISTRICT
Ego Branch,ASELLA DISTRICT
Eteya Branch,ASELLA DISTRICT
Golja Branch,ASELLA DISTRICT
Gololcha Branch,ASELLA DISTRICT
Habe Branch,ASELLA DISTRICT
Huruta Branch,ASELLA DISTRICT
Kersa Arsi Branch,ASELLA DISTRICT
Kula Branch,ASELLA DISTRICT
Meraro Branch,ASELLA DISTRICT
Negelle Arba Gugu Br,ASELLA DISTRICT
Ogolcho Branch,ASELLA DISTRICT
Robe Dedea Branch,ASELLA DISTRICT
Sagure Branch,ASELLA DISTRICT
Salahadin Ali-Ayub,ASELLA DISTRICT
Shirka Branch,ASELLA DISTRICT
Siltana Branch,ASELLA DISTRICT
Sire Arsi Branch,ASELLA DISTRICT
Tijo Branch,ASELLA DISTRICT
Tiyo Branch,ASELLA DISTRICT
Xicho Branch,ASELLA DISTRICT
Bahir Dar Branch,BAHIRDAR AREA BR RELATIONSHIP OFFICE
Bure Branch,BAHIRDAR AREA BR RELATIONSHIP OFFICE
Debre Markos Branch,BAHIRDAR AREA BR RELATIONSHIP OFFICE
Dessie Branch,BAHIRDAR AREA BR RELATIONSHIP OFFICE
Ganda Wuha Branch,BAHIRDAR AREA BR RELATIONSHIP OFFICE
Gonder Branch,BAHIRDAR AREA BR RELATIONSHIP OFFICE
Halal Branch,BAHIRDAR AREA BR RELATIONSHIP OFFICE
Humera Branch,BAHIRDAR AREA BR RELATIONSHIP OFFICE
Injibara Branch,BAHIRDAR AREA BR RELATIONSHIP OFFICE
Kemise Branch,BAHIRDAR AREA BR RELATIONSHIP OFFICE
Logia-Sultan-Ali Mirah,BAHIRDAR AREA BR RELATIONSHIP OFFICE
Metema Branch,BAHIRDAR AREA BR RELATIONSHIP OFFICE
Mufti Dawud Branch,BAHIRDAR AREA BR RELATIONSHIP OFFICE
Tana Branch,BAHIRDAR AREA BR RELATIONSHIP OFFICE
Wollo Kombolcha Branch,BAHIRDAR AREA BR RELATIONSHIP OFFICE
Agarfa Branch,BALE DISTRICT
Ali Branch,BALE DISTRICT
Burka Walabu Branch,BALE DISTRICT
Dinsho Branch,BALE DISTRICT
Dolo Mana Branch,BALE DISTRICT
Dolosebro Branch,BALE DISTRICT
Gasara Branch,BALE DISTRICT
GeneralWakoGutu Branch,BALE DISTRICT
Ginnir Branch,BALE DISTRICT
Goba Branch,BALE DISTRICT
Goro Branch,BALE DISTRICT
Harana Buluq Branch,BALE DISTRICT
Haro Dumal Branch,BALE DISTRICT
Jarra Branch,BALE DISTRICT
Mada Walabu Branch,BALE DISTRICT
Maliyu Branch,BALE DISTRICT
Robe Branch,BALE DISTRICT
Sanate Branch,BALE DISTRICT
Selam Branch,BALE DISTRICT
Sinana Branch,BALE DISTRICT
Sofomar Branch,BALE DISTRICT
Aba Mela Branch,CENTRAL FINFINE DISTRICT
Aba Nefso Branch,CENTRAL FINFINE DISTRICT
Abdisa Aga Branch,CENTRAL FINFINE DISTRICT
Agemsa Branch,CENTRAL FINFINE DISTRICT
Baro Korma Branch,CENTRAL FINFINE DISTRICT
Birbirsa Branch,CENTRAL FINFINE DISTRICT
Birmaji Branch,CENTRAL FINFINE DISTRICT
Bombtera Branch,CENTRAL FINFINE DISTRICT
Catherine Hamlin,CENTRAL FINFINE DISTRICT
Chafe Anane Branch,CENTRAL FINFINE DISTRICT
Churchill Branch,CENTRAL FINFINE DISTRICT
Debasso Branch,CENTRAL FINFINE DISTRICT
Dolo Bidena Branch,CENTRAL FINFINE DISTRICT
Edao Boru Branch,CENTRAL FINFINE DISTRICT
Finfine Branch,CENTRAL FINFINE DISTRICT
Gojam Berenda Branch,CENTRAL FINFINE DISTRICT
Haile Fida Branch,CENTRAL FINFINE DISTRICT
Hilal Branch,CENTRAL FINFINE DISTRICT
Hurufa Rare Branch,CENTRAL FINFINE DISTRICT
Kebena Branch,CENTRAL FINFINE DISTRICT
Kello Mesqela Branch,CENTRAL FINFINE DISTRICT
Kersa Main Branch,CENTRAL FINFINE DISTRICT
Mechaf Tulama Branch,CENTRAL FINFINE DISTRICT
Merkato Branch,CENTRAL FINFINE DISTRICT
Mesalemia Branch,CENTRAL FINFINE DISTRICT
Meskel Flower Branch,CENTRAL FINFINE DISTRICT
Mina Branch,CENTRAL FINFINE DISTRICT
Oda Branch,CENTRAL FINFINE DISTRICT
Prof. Gebissa,CENTRAL FINFINE DISTRICT
Robale Branch,CENTRAL FINFINE DISTRICT
Sheger Branch,CENTRAL FINFINE DISTRICT
Sinqee Branch,CENTRAL FINFINE DISTRICT
Sora Lume Branch,CENTRAL FINFINE DISTRICT
Sulula Garbi Branch,CENTRAL FINFINE DISTRICT
Ummu-Ayman Branch,CENTRAL FINFINE DISTRICT
Wayyu Branch,CENTRAL FINFINE DISTRICT
Wirtu Merkato Branch,CENTRAL FINFINE DISTRICT
Yai Goro Branch,CENTRAL FINFINE DISTRICT
Yai Gulele Branch,CENTRAL FINFINE DISTRICT
Al-Bukhari Branch,CHIRO DISTRICT
Ancher Branch,CHIRO DISTRICT
Asabot Branch,CHIRO DISTRICT
Baroda Branch,CHIRO DISTRICT
Bedessa Branch,CHIRO DISTRICT
Boke Xiqo Branch,CHIRO DISTRICT
Burqa Dhintu Branch,CHIRO DISTRICT
Chiro Branch,CHIRO DISTRICT
Deder Branch,CHIRO DISTRICT
Dhumuga Branch,CHIRO DISTRICT
Doba Branch,CHIRO DISTRICT
Furkan Branch,CHIRO DISTRICT
Garu Hira Branch,CHIRO DISTRICT
Gelemso Branch,CHIRO DISTRICT
Gemechis Branch,CHIRO DISTRICT
Haro Charchar Branch,CHIRO DISTRICT
Hirna Branch,CHIRO DISTRICT
JAJA BRANCH,CHIRO DISTRICT
Kamona Branch,CHIRO DISTRICT
Karamile Branch,CHIRO DISTRICT
Kobo Branch,CHIRO DISTRICT
Mechara Branch,CHIRO DISTRICT
Melka Ballo Branch,CHIRO DISTRICT
Michata Branch,CHIRO DISTRICT
Miesso Branch,CHIRO DISTRICT
Milqaye Branch,CHIRO DISTRICT
Murtiguto Branch,CHIRO DISTRICT
Oda Bultum Branch,CHIRO DISTRICT
Sheik Mohammed Reshad,CHIRO DISTRICT
Shenen Dhugo Branch,CHIRO DISTRICT
Soka Branch,CHIRO DISTRICT
Tullo Branch,CHIRO DISTRICT
Abdi Qophe Branch,DIRE DAWA DISTRICT
Abubeker Al-Siddiq Br,DIRE DAWA DISTRICT
Afren Kelo Branch,DIRE DAWA DISTRICT
Ahmed Imam Branch,DIRE DAWA DISTRICT
Arefa Branch,DIRE DAWA DISTRICT
Aw-Abadir Branch,DIRE DAWA DISTRICT
Babile Branch,DIRE DAWA DISTRICT
Badano Branch,DIRE DAWA DISTRICT
Bekerware Branch,DIRE DAWA DISTRICT
Bereka Branch,DIRE DAWA DISTRICT
Biftu Branch,DIRE DAWA DISTRICT
Bulullo Branch,DIRE DAWA DISTRICT
Burka Tirtira Branch,DIRE DAWA DISTRICT
Chalanqo Branch,DIRE DAWA DISTRICT
Chinaksen Branch,DIRE DAWA DISTRICT
Dire Dawa Branch,DIRE DAWA DISTRICT
Diredawa Rashotel,DIRE DAWA DISTRICT
Elemo Qiltu Branch,DIRE DAWA DISTRICT
Fedis Branch,DIRE DAWA DISTRICT
Fugnan Bira Branch,DIRE DAWA DISTRICT
Gara Muleta Branch,DIRE DAWA DISTRICT
Gode Branch,DIRE DAWA DISTRICT
Goro Muti Branch,DIRE DAWA DISTRICT
Greek Camp Branch,DIRE DAWA DISTRICT
Hafatessa Branch,DIRE DAWA DISTRICT
Haramaya Branch,DIRE DAWA DISTRICT
Hikma Branch,DIRE DAWA DISTRICT
Hundene Branch,DIRE DAWA DISTRICT
Imam Ahmed Mesjid Bran,DIRE DAWA DISTRICT
Iqra Branch,DIRE DAWA DISTRICT
Jahan Jarso Branch,DIRE DAWA DISTRICT
Jara Abageda Branch,DIRE DAWA DISTRICT
Jigjiga Branch,DIRE DAWA DISTRICT
Kali Branch,DIRE DAWA DISTRICT
Kefira Branch,DIRE DAWA DISTRICT
Kombolcha Branch,DIRE DAWA DISTRICT
Kurfachale Branch,DIRE DAWA DISTRICT
Laga Oda Branch,DIRE DAWA DISTRICT
Mayu Muluke,DIRE DAWA DISTRICT
Medinat Al-Munawer Br,DIRE DAWA DISTRICT
Megalla Branch,DIRE DAWA DISTRICT
Melka Jebdu Branch,DIRE DAWA DISTRICT
Midhaga Branch,DIRE DAWA DISTRICT
Mustafa Harawe Branch,DIRE DAWA DISTRICT
Qulubi Branch,DIRE DAWA DISTRICT
Ramadan Branch,DIRE DAWA DISTRICT
Sabian Branch,DIRE DAWA DISTRICT
Sheik Bekri Sapello,DIRE DAWA DISTRICT
Taiwan Branch,DIRE DAWA DISTRICT
Togo Wuchale Branch,DIRE DAWA DISTRICT
Weltea Branch,DIRE DAWA DISTRICT
22 Mazoria Branch,EASTERN FINFINE DISTRICT
Abebech Gobana Branch,EASTERN FINFINE DISTRICT
Abebie Tufa Branch,EASTERN FINFINE DISTRICT
Airport Forex Bureau,EASTERN FINFINE DISTRICT
Akaki Branch,EASTERN FINFINE DISTRICT
Baro Tumsa Branch,EASTERN FINFINE DISTRICT
Beshale Branch,EASTERN FINFINE DISTRICT
Bole Airport Branch,EASTERN FINFINE DISTRICT
Bole Arabsa Branch,EASTERN FINFINE DISTRICT
Bole Atlas Branch,EASTERN FINFINE DISTRICT
Bole Bulbula Branch,EASTERN FINFINE DISTRICT
Bole Cargo Branch,EASTERN FINFINE DISTRICT
Bole Lami Branch,EASTERN FINFINE DISTRICT
Bole Medanealem Branch,EASTERN FINFINE DISTRICT
Bole Michael Branch,EASTERN FINFINE DISTRICT
Bole Ruwanda Branch,EASTERN FINFINE DISTRICT
Boru Bilo Branch,EASTERN FINFINE DISTRICT
Burqa Shobbe Branch,EASTERN FINFINE DISTRICT
Damo Dadi Branch,EASTERN FINFINE DISTRICT
Dhaga Bora Branch,EASTERN FINFINE DISTRICT
Dukem industry zone,EASTERN FINFINE DISTRICT
Dulo Branch,EASTERN FINFINE DISTRICT
Eka Abado Branch,EASTERN FINFINE DISTRICT
Erer Branch,EASTERN FINFINE DISTRICT
Figa Branch,EASTERN FINFINE DISTRICT
Gara Bushu Branch,EASTERN FINFINE DISTRICT
Gara Duba Branch,EASTERN FINFINE DISTRICT
Gawassa Branch,EASTERN FINFINE DISTRICT
Gelan Branch,EASTERN FINFINE DISTRICT
Gerji Branch,EASTERN FINFINE DISTRICT
Gurd Shola Branch,EASTERN FINFINE DISTRICT
Haile Gebre Branch,EASTERN FINFINE DISTRICT
Handhura Tulama Branch,EASTERN FINFINE DISTRICT
Haramain Branch,EASTERN FINFINE DISTRICT
Harbu Branch,EASTERN FINFINE DISTRICT
Jate Branch,EASTERN FINFINE DISTRICT
Karra Qallu Branch,EASTERN FINFINE DISTRICT
Kura Jida Branch,EASTERN FINFINE DISTRICT
Lami Industrial park,EASTERN FINFINE DISTRICT
Lauret Tsegaye,EASTERN FINFINE DISTRICT
Lemo Branch,EASTERN FINFINE DISTRICT
Mammo Mazamir Branch,EASTERN FINFINE DISTRICT
Melba Branch,EASTERN FINFINE DISTRICT
Migira Branch,EASTERN FINFINE DISTRICT
Oda Nabe Branch,EASTERN FINFINE DISTRICT
Sadan Ekka Branch,EASTERN FINFINE DISTRICT
Saris Branch,EASTERN FINFINE DISTRICT
Shabu Ejersa Branch,EASTERN FINFINE DISTRICT
Shala Branch,EASTERN FINFINE DISTRICT
Tirunesh Dibaba Branch,EASTERN FINFINE DISTRICT
Tulu Dimtu Branch,EASTERN FINFINE DISTRICT
Wara Ganu Branch,EASTERN FINFINE DISTRICT
Xadacha Branch,EASTERN FINFINE DISTRICT
AL-Nasir Branch,HAWASSA DISTRICT
Adola Branch,HAWASSA DISTRICT
Alamura Branch,HAWASSA DISTRICT
Aleta Wondo Branch,HAWASSA DISTRICT
Bensa Daye Branch,HAWASSA DISTRICT
Beriso Dukale Micro,HAWASSA DISTRICT
Birbirsa Kojowa Branch,HAWASSA DISTRICT
Bore Branch,HAWASSA DISTRICT
Bule Hora Branch,HAWASSA DISTRICT
Chelelektu Branch,HAWASSA DISTRICT
Chuko Branch,HAWASSA DISTRICT
DERARO BRANCH,HAWASSA DISTRICT
Deri Kidame Branch,HAWASSA DISTRICT
Dilla Branch,HAWASSA DISTRICT
Dollo Ado Branch,HAWASSA DISTRICT
EL-Waye Branch,HAWASSA DISTRICT
Fura Branch,HAWASSA DISTRICT
Gedeb Branch,HAWASSA DISTRICT
Gromole Thermo-House,HAWASSA DISTRICT
Gudetu Robale Branch,HAWASSA DISTRICT
Hara Kello Branch,HAWASSA DISTRICT
Hawasa Industrial Park,HAWASSA DISTRICT
Hawassa Branch,HAWASSA DISTRICT
Haya Dima Branch,HAWASSA DISTRICT
Laku Branch,HAWASSA DISTRICT
Madha Galma Branch,HAWASSA DISTRICT
Moyale Branch,HAWASSA DISTRICT
Negele Borena Branch,HAWASSA DISTRICT
Nur Branch,HAWASSA DISTRICT
Odo Shakiso Branch,HAWASSA DISTRICT
Qarcha Branch,HAWASSA DISTRICT
Shafeta Branch,HAWASSA DISTRICT
Sumuda Branch,HAWASSA DISTRICT
Tabor Branch,HAWASSA DISTRICT
Taltale Branch,HAWASSA DISTRICT
Tullu Farda,HAWASSA DISTRICT
Uraga Branch,HAWASSA DISTRICT
Wadera Branch,HAWASSA DISTRICT
Warka Branch,HAWASSA DISTRICT
Yabello Branch,HAWASSA DISTRICT
Yirgachafe Branch,HAWASSA DISTRICT
Yirgalem Branch,HAWASSA DISTRICT
Head Office,HEAD OFFICE
Arba Minch Branch,HOSSANA DISTRICT
Areka Branch,HOSSANA DISTRICT
Boditi Branch,HOSSANA DISTRICT
Bonosha Branch,HOSSANA DISTRICT
Bui Branch,HOSSANA DISTRICT
Butajira Branch,HOSSANA DISTRICT
Conolel Bezabih Petros,HOSSANA DISTRICT
Damboya Branch,HOSSANA DISTRICT
Dawuro Branch,HOSSANA DISTRICT
Doyo Gena Branch,HOSSANA DISTRICT
Durame Branch,HOSSANA DISTRICT
Enseno Branch,HOSSANA DISTRICT
Geja Geribo Branch,HOSSANA DISTRICT
Gesupa Branch,HOSSANA DISTRICT
Hadero Branch,HOSSANA DISTRICT
Hadero Tunto Branch,HOSSANA DISTRICT
Halaba Kulito Branch,HOSSANA DISTRICT
Hambecho Branch,HOSSANA DISTRICT
Hamus Gebeya,HOSSANA DISTRICT
Homecho Branch,HOSSANA DISTRICT
Hosana Branch,HOSSANA DISTRICT
Jajura Branch,HOSSANA DISTRICT
Kela Branch,HOSSANA DISTRICT
Konso Branch,HOSSANA DISTRICT
Koshe Mareko Branch,HOSSANA DISTRICT
Lisana Branch,HOSSANA DISTRICT
OMER IBN AL-KHATTAB Br,HOSSANA DISTRICT
Sankura Branch,HOSSANA DISTRICT
Sechduna Branch,HOSSANA DISTRICT
Shinshicho Branch,HOSSANA DISTRICT
Tona Branch,HOSSANA DISTRICT
Wolayita Soddo Branch,HOSSANA DISTRICT
Wolkite Branch,HOSSANA DISTRICT
Aba Jifar Branch,JIMMA DISTRICT
Agaro Branch,JIMMA DISTRICT
Al-Rahma Branch,JIMMA DISTRICT
Alge Sachi Branch,JIMMA DISTRICT
Amana Branch,JIMMA DISTRICT
Asandabo Branch,JIMMA DISTRICT
Awetu Branch,JIMMA DISTRICT
Bedelle Branch,JIMMA DISTRICT
Bonga Branch,JIMMA DISTRICT
Bure Ilu Branch,JIMMA DISTRICT
Chawaqa Branch,JIMMA DISTRICT
Chora Branch,JIMMA DISTRICT
Dambi Branch,JIMMA DISTRICT
Darimu Branch,JIMMA DISTRICT
Dedo Branch,JIMMA DISTRICT
Fethi Mesjid Branch,JIMMA DISTRICT
Gachi Branch,JIMMA DISTRICT
Gambella Branch,JIMMA DISTRICT
Gera Branch,JIMMA DISTRICT
Gore Branch,JIMMA DISTRICT
Hirmata Branch,JIMMA DISTRICT
Hurumu Branch,JIMMA DISTRICT
Jiren Branch,JIMMA DISTRICT
Limu Genet Branch,JIMMA DISTRICT
Limu Seqqa Branch,JIMMA DISTRICT
Melka Debana Branch,JIMMA DISTRICT
Mettu Branch,JIMMA DISTRICT
Mizan Aman Branch,JIMMA DISTRICT
Newland Micro Branch,JIMMA DISTRICT
Omo Nada Branch,JIMMA DISTRICT
Saxamma Branch,JIMMA DISTRICT
Sedecha Branch,JIMMA DISTRICT
Seglen Ilu Branch,JIMMA DISTRICT
Seka Chokorsa Branch,JIMMA DISTRICT
Serbo Branch,JIMMA DISTRICT
Shabe Branch,JIMMA DISTRICT
Shenen Gibe Branch,JIMMA DISTRICT
Sigmo Branch,JIMMA DISTRICT
Sokoru Branch,JIMMA DISTRICT
Sor Micro Branch,JIMMA DISTRICT
Tepi Branch,JIMMA DISTRICT
Tobba Branch,JIMMA DISTRICT
Yayyo Branch,JIMMA DISTRICT
Yebu Branch,JIMMA DISTRICT
Adigrat Branch,MEKELE AREA BR RELATIONSHIP OFFICE
Aksum Branch,MEKELE AREA BR RELATIONSHIP OFFICE
Djibruk Branch,MEKELE AREA BR RELATIONSHIP OFFICE
Mekele Branch,MEKELE AREA BR RELATIONSHIP OFFICE
Shire Branch,MEKELE AREA BR RELATIONSHIP OFFICE
Abba Sena Branch,NEKEMTE DISTRICT
Agamsa Migir Branch,NEKEMTE DISTRICT
Amuru Branch,NEKEMTE DISTRICT
Anfillo Branch,NEKEMTE DISTRICT
Anger Gute Branch,NEKEMTE DISTRICT
Asosa Branch,NEKEMTE DISTRICT
Ayira Branch,NEKEMTE DISTRICT
Babo Gambel Branch,NEKEMTE DISTRICT
Bake Jama Branch,NEKEMTE DISTRICT
Begi Branch,NEKEMTE DISTRICT
Bila Branch,NEKEMTE DISTRICT
Bokku Branch,NEKEMTE DISTRICT
Bonaya Boshe Branch,NEKEMTE DISTRICT
Burqa Jato Branch,NEKEMTE DISTRICT
Chanqa Birbir Branch,NEKEMTE DISTRICT
Dambi Dollo Branch,NEKEMTE DISTRICT
Fincha'a Branch,NEKEMTE DISTRICT
Ganji Branch,NEKEMTE DISTRICT
Gida Ayana Branch,NEKEMTE DISTRICT
Gidami Branch,NEKEMTE DISTRICT
Gimbi Branch,NEKEMTE DISTRICT
Gudetu Arjo Branch,NEKEMTE DISTRICT
Guduru Branch,NEKEMTE DISTRICT
Guliso Branch,NEKEMTE DISTRICT
Hababo Guduru Branch,NEKEMTE DISTRICT
Harato Branch,NEKEMTE DISTRICT
Hawa Gelan Branch,NEKEMTE DISTRICT
Jimma Arjo Branch,NEKEMTE DISTRICT
Jimma Rare Branch,NEKEMTE DISTRICT
Kiltu Karra Branch,NEKEMTE DISTRICT
Kiramu Branch,NEKEMTE DISTRICT
Leka Branch,NEKEMTE DISTRICT
Leka Dulacha Branch,NEKEMTE DISTRICT
Mandi Branch,NEKEMTE DISTRICT
Muka Arara Branch,NEKEMTE DISTRICT
Nedjo Branch,NEKEMTE DISTRICT
Nekemte Branch,NEKEMTE DISTRICT
Nunu Kumba Branch,NEKEMTE DISTRICT
Oda Karra Branch,NEKEMTE DISTRICT
Qebe Branch,NEKEMTE DISTRICT
Qeto Machara Branch,NEKEMTE DISTRICT
Sayo Nole Branch,NEKEMTE DISTRICT
Shambu Branch,NEKEMTE DISTRICT
Sibu Sire Branch,NEKEMTE DISTRICT
Tullu Gana Branch,NEKEMTE DISTRICT
Ukke Branch,NEKEMTE DISTRICT
Abichu Nya'a Branch,NORTH FINFINE DISTRICT
Adami Branch,NORTH FINFINE DISTRICT
Addisu Gebeya Branch,NORTH FINFINE DISTRICT
Akako Branch,NORTH FINFINE DISTRICT
Aleltu Branch,NORTH FINFINE DISTRICT
Awaro Branch,NORTH FINFINE DISTRICT
Bakalca Branch,NORTH FINFINE DISTRICT
Bake Branch,NORTH FINFINE DISTRICT
Bilile Branch,NORTH FINFINE DISTRICT
Bori Branch,NORTH FINFINE DISTRICT
CMC Branch,NORTH FINFINE DISTRICT
Chafe Arara Branch,NORTH FINFINE DISTRICT
Chancho Branch,NORTH FINFINE DISTRICT
Dale Dembel Branch,NORTH FINFINE DISTRICT
Debre Birhan Branch,NORTH FINFINE DISTRICT
Derra Branch,NORTH FINFINE DISTRICT
Didimtu Branch,NORTH FINFINE DISTRICT
Duber Branch,NORTH FINFINE DISTRICT
Ferensay Legasiyon Br,NORTH FINFINE DISTRICT
Fiche Branch,NORTH FINFINE DISTRICT
Fitala Branch,NORTH FINFINE DISTRICT
Folle Branch,NORTH FINFINE DISTRICT
Garba Guracha Branch,NORTH FINFINE DISTRICT
Gulele Branch,NORTH FINFINE DISTRICT
Harru Maru Branch,NORTH FINFINE DISTRICT
Hidhabu Abote Branch,NORTH FINFINE DISTRICT
Hurufa Farado Branch,NORTH FINFINE DISTRICT
Karra Allo Branch,NORTH FINFINE DISTRICT
Karra Xuxxo Branch,NORTH FINFINE DISTRICT
Kotobe Branch,NORTH FINFINE DISTRICT
Kuyyu Branch,NORTH FINFINE DISTRICT
Laga Bari Branch,NORTH FINFINE DISTRICT
Lamberet Branch,NORTH FINFINE DISTRICT
Lega Billawo Branch,NORTH FINFINE DISTRICT
Lega Jidha Branch,NORTH FINFINE DISTRICT
Lega Tafo Branch,NORTH FINFINE DISTRICT
Madaro Branch,NORTH FINFINE DISTRICT
Mujja Branch,NORTH FINFINE DISTRICT
Muka Turi Branch,NORTH FINFINE DISTRICT
Mulo Branch,NORTH FINFINE DISTRICT
Rabadori Branch,NORTH FINFINE DISTRICT
Raso Branch,NORTH FINFINE DISTRICT
Salgan Eggu Branch,NORTH FINFINE DISTRICT
Sendafa Bake Branch,NORTH FINFINE DISTRICT
Shararo Branch,NORTH FINFINE DISTRICT
Shenen Jida Branch,NORTH FINFINE DISTRICT
Sheno Branch,NORTH FINFINE DISTRICT
Shufune Branch,NORTH FINFINE DISTRICT
Sululta Branch,NORTH FINFINE DISTRICT
Tufa Muna Branch,NORTH FINFINE DISTRICT
Tulu Fati Branch,NORTH FINFINE DISTRICT
Wabari Branch,NORTH FINFINE DISTRICT
Warra Jarso Branch,NORTH FINFINE DISTRICT
Wasarbi Branch,NORTH FINFINE DISTRICT
Yaya Gulale Branch,NORTH FINFINE DISTRICT
Adaba Branch,SHASHEMENE DISTRICT
Ajje Branch,SHASHEMENE DISTRICT
Amal Branch,SHASHEMENE DISTRICT
Arsi Negelle Branch,SHASHEMENE DISTRICT
Awasho Branch,SHASHEMENE DISTRICT
Batu Branch,SHASHEMENE DISTRICT
Birbirsa Qaraxa Branch,SHASHEMENE DISTRICT
Bishan Guracha Branch,SHASHEMENE DISTRICT
Bulbula Branch,SHASHEMENE DISTRICT
Dida Boqe Branch,SHASHEMENE DISTRICT
Dodola Branch,SHASHEMENE DISTRICT
Fejir Branch,SHASHEMENE DISTRICT
Hamza Mesgid Branch,SHASHEMENE DISTRICT
Hara Dembel Branch,SHASHEMENE DISTRICT
Harufa Branch,SHASHEMENE DISTRICT
Hasasa Branch,SHASHEMENE DISTRICT
Heban Arsi Branch,SHASHEMENE DISTRICT
Heraro Branch,SHASHEMENE DISTRICT
Iman Branch,SHASHEMENE DISTRICT
Kiltu Dema Branch,SHASHEMENE DISTRICT
Kofele Branch,SHASHEMENE DISTRICT
Kokosa Branch,SHASHEMENE DISTRICT
Kuyera Branch,SHASHEMENE DISTRICT
Meja Demma Branch,SHASHEMENE DISTRICT
Melka Oda Branch,SHASHEMENE DISTRICT
Nagele Hasasa Branch,SHASHEMENE DISTRICT
Nesiha Branch,SHASHEMENE DISTRICT
Oda Bilbila Branch,SHASHEMENE DISTRICT
Qore Branch,SHASHEMENE DISTRICT
Shashemene Branch,SHASHEMENE DISTRICT
Uta Wayyu Branch,SHASHEMENE DISTRICT
Uta kaku Branch,SHASHEMENE DISTRICT
Warqa Branch,SHASHEMENE DISTRICT
Ali Bira Branch,SOUTH FINFINE DISTRICT
Asgori Branch,SOUTH FINFINE DISTRICT
Ayetu Branch,SOUTH FINFINE DISTRICT
Bakannisa Branch,SOUTH FINFINE DISTRICT
Bantu Branch,SOUTH FINFINE DISTRICT
Burka Wayu Branch,SOUTH FINFINE DISTRICT
Butta Branch,SOUTH FINFINE DISTRICT
Chalchali Branch,SOUTH FINFINE DISTRICT
Darraba Bido Branch,SOUTH FINFINE DISTRICT
Dawo Branch,SOUTH FINFINE DISTRICT
Furi Branch,SOUTH FINFINE DISTRICT
Gara Bolo Branch,SOUTH FINFINE DISTRICT
Gara Dhanqu Branch,SOUTH FINFINE DISTRICT
Gofa Gabriel Branch,SOUTH FINFINE DISTRICT
Gofa Mazoria Branch,SOUTH FINFINE DISTRICT
Gotera Branch,SOUTH FINFINE DISTRICT
Guge Branch,SOUTH FINFINE DISTRICT
Halchisa Branch,SOUTH FINFINE DISTRICT
Haro Wanchi Branch,SOUTH FINFINE DISTRICT
Horsisa Branch,SOUTH FINFINE DISTRICT
Ilanso Hallo Branch,SOUTH FINFINE DISTRICT
Itti Mako Branch,SOUTH FINFINE DISTRICT
Jahan Ameya Branch,SOUTH FINFINE DISTRICT
Jamo Branch,SOUTH FINFINE DISTRICT
Koromi Branch,SOUTH FINFINE DISTRICT
Labu Branch,SOUTH FINFINE DISTRICT
Lafto Branch,SOUTH FINFINE DISTRICT
Leman Branch,SOUTH FINFINE DISTRICT
Lume Branch,SOUTH FINFINE DISTRICT
Mako Bili Branch,SOUTH FINFINE DISTRICT
Marwa Branch,SOUTH FINFINE DISTRICT
Melka Hurbu Branch,SOUTH FINFINE DISTRICT
Merde Branch,SOUTH FINFINE DISTRICT
Mogole Branch,SOUTH FINFINE DISTRICT
Nonno Branch,SOUTH FINFINE DISTRICT
Ochocha Branch,SOUTH FINFINE DISTRICT
Qacha Branch,SOUTH FINFINE DISTRICT
Qorke Karabu Branch,SOUTH FINFINE DISTRICT
Roge Branch,SOUTH FINFINE DISTRICT
Sadan Soddo Branch,SOUTH FINFINE DISTRICT
Sebeta Ayo Branch,SOUTH FINFINE DISTRICT
Sebeta Hawas Branch,SOUTH FINFINE DISTRICT
Soddo Dachi Branch,SOUTH FINFINE DISTRICT
Taji Branch,SOUTH FINFINE DISTRICT
Tiksa Jima Branch,SOUTH FINFINE DISTRICT
Torban Wale Branch,SOUTH FINFINE DISTRICT
Tullu Ejersa Branch,SOUTH FINFINE DISTRICT
Tulu Bolo Branch,SOUTH FINFINE DISTRICT
Tulu dhertu Branch,SOUTH FINFINE DISTRICT
Urji Branch,SOUTH FINFINE DISTRICT
Wato Branch,SOUTH FINFINE DISTRICT
Weliso Branch,SOUTH FINFINE DISTRICT
Trade Service Process,TRADE SERVICE PROCESS
Aba Gemechis Branch,WESTERN FINFINE DISTRICT
Abishe Gerba Branch,WESTERN FINFINE DISTRICT
Abuna Branch,WESTERN FINFINE DISTRICT
Ada Barga Branch,WESTERN FINFINE DISTRICT
Ambo Branch,WESTERN FINFINE DISTRICT
Ansar Branch,WESTERN FINFINE DISTRICT
Asgori-Subba Branch,WESTERN FINFINE DISTRICT
Asko Branch,WESTERN FINFINE DISTRICT
Axale Jatani Branch,WESTERN FINFINE DISTRICT
Ayer Tena Branch,WESTERN FINFINE DISTRICT
Bako Tibe Branch,WESTERN FINFINE DISTRICT
Bethel Branch,WESTERN FINFINE DISTRICT
Boda Branch,WESTERN FINFINE DISTRICT
Boke Branch,WESTERN FINFINE DISTRICT
Boku Migra Bake Branch,WESTERN FINFINE DISTRICT
Buludo Branch,WESTERN FINFINE DISTRICT
Burayu Branch,WESTERN FINFINE DISTRICT
Dire Hinchini Branch,WESTERN FINFINE DISTRICT
Dire Sololiya,WESTERN FINFINE DISTRICT
Ebisa Adugna,WESTERN FINFINE DISTRICT
Ejere Branch,WESTERN FINFINE DISTRICT
Gafarsa Nono,WESTERN FINFINE DISTRICT
Gedo Branch,WESTERN FINFINE DISTRICT
Gefersa Branch,WESTERN FINFINE DISTRICT
Ginchi Branch,WESTERN FINFINE DISTRICT
Goro Qerensa Branch,WESTERN FINFINE DISTRICT
Guddu Branch,WESTERN FINFINE DISTRICT
Guder Branch,WESTERN FINFINE DISTRICT
Guje Branch,WESTERN FINFINE DISTRICT
Hayyu Branch,WESTERN FINFINE DISTRICT
Holeta Branch,WESTERN FINFINE DISTRICT
Ilu Gelan Branch,WESTERN FINFINE DISTRICT
Irbu Branch,WESTERN FINFINE DISTRICT
Jagema Bedhane Branch,WESTERN FINFINE DISTRICT
Jaldu Branch,WESTERN FINFINE DISTRICT
Jibat Branch,WESTERN FINFINE DISTRICT
Karra Qore Branch,WESTERN FINFINE DISTRICT
Katta Branch,WESTERN FINFINE DISTRICT
Kolfe Branch,WESTERN FINFINE DISTRICT
Kolobo Branch,WESTERN FINFINE DISTRICT
Kombe Branch,WESTERN FINFINE DISTRICT
Kusaye Branch,WESTERN FINFINE DISTRICT
Kutaye Branch,WESTERN FINFINE DISTRICT
Lega Saqo Branch,WESTERN FINFINE DISTRICT
Liban Jawi Branch,WESTERN FINFINE DISTRICT
Makkat Al-Mukkarama,WESTERN FINFINE DISTRICT
Melka Gefersa Branch,WESTERN FINFINE DISTRICT
Meta Walkite Branch,WESTERN FINFINE DISTRICT
Midakegni Branch,WESTERN FINFINE DISTRICT
Mogor Branch,WESTERN FINFINE DISTRICT
Nejashi Branch,WESTERN FINFINE DISTRICT
Oda Bisil Branch,WESTERN FINFINE DISTRICT
Odo Liben Branch,WESTERN FINFINE DISTRICT
Olonkomi Branch,WESTERN FINFINE DISTRICT
Qajela Doyo Branch,WESTERN FINFINE DISTRICT
Qale Branch,WESTERN FINFINE DISTRICT
TEQWA BRANCH,WESTERN FINFINE DISTRICT
Wadessa Branch,WESTERN FINFINE DISTRICT
Warqa Qore Branch,WESTERN FINFINE DISTRICT
Digital Banking,HEAD OFFICE